Instability, Abstractness
0.733333, 0.733333 
0.740762, 0.740762 
0.740762, 0.740762 
0.746260, 0.746260 
0.757684, 0.757684 
0.757208, 0.757208 
0.759019, 0.759019 
0.777180, 0.777180 
0.779501, 0.779501 
0.791798, 0.791798 
0.796685, 0.796685 
0.793503, 0.793503 
0.799640, 0.799640 
0.795650, 0.795650 
0.796883, 0.796883 
0.795148, 0.795148 
0.794891, 0.794891 
0.798554, 0.798554 
