Instability,Abstractness
0.733333,0.241379 
0.804348,0.291667 
0.956522,0.000000 
0.897959,0.000000 
0.720000,0.500000 
0.794118,0.451613 
0.849237,0.135593 
0.926829,0.000000 
0.947368,0.000000 
0.932039,0.250000 
0.639344,0.000000 
0.858044,0.096154 
0.761538,0.044444 
0.814961,0.017241 
0.450000,0.500000 
0.764706,0.000000 
0.923729,0.583333 
